[
  {
    "category": "category",
    "Business name": "Business name",
    "Business address": "Business address",
    "catalog endpoint": "catalog endpoint",
    "e-mail": "e-mail",
    "phone number": "phone number",
    "nationwide": "nationwide"
  },
  {
    "category": "Abbigliamento",
    "Business name": "imperial",
    "Business address": "Via dei Lanaioli, 42, 40050 Bologna BO",
    "catalog endpoint": "https://www.imperialfashion.com/it/it/catalogsearch/result/?q=mazzi",
    "e-mail": "",
    "phone number": "",
    "nationwide": ""
  },
  {
    "category": "Abbigliamento",
    "Business name": "upim",
    "Business address": "P.co Commerc. Meraville, Viale Tito Carnacini, 21 c",
    "catalog endpoint": "https://www.upim.com/on/demandware.store/Sites-upim-italy-Site/it_IT/Search-Show?q=mazzi&lang=it_IT",
    "e-mail": "",
    "phone number": "",
    "nationwide": "TRUE"
  },
  {
    "category": "Alimentari e cura della casa",
    "Business name": "La Regina dell'Orto",
    "Business address": "Via Andrea Costa, 135/b, 40134 Bologna BO",
    "catalog endpoint": "https://www.lareginadellorto.it/",
    "e-mail": "",
    "phone number": "",
    "nationwide": ""
  },
  {
    "category": "Auto e Moto - Parti e Accessori",
    "Business name": "Bep's",
    "Business address": "Via Stalingrado 67/20",
    "catalog endpoint": "https://www.beps.it/it/catalogsearch/result/?q=mazzi",
    "e-mail": "",
    "phone number": "",
    "nationwide": ""
  },
  {
    "category": "Auto e Moto - Parti e Accessori",
    "Business name": "ICMA",
    "Business address": "Via Guido Rossa, 78, 40033 Casalecchio di Reno BO, Italy",
    "catalog endpoint": "https://icmagroup.it/",
    "e-mail": "",
    "phone number": "",
    "nationwide": ""
  },
  {
    "category": "Bellezza",
    "Business name": "Idea Bellezza",
    "Business address": "",
    "catalog endpoint": "https://www.ideabellezza.it/tmsearch?orderby=position&orderway=desc&search_categories=2&search_query=mazzi&tm_submit_search=",
    "e-mail": "",
    "phone number": "",
    "nationwide": ""
  },
  {
    "category": "Film e TV",
    "Business name": "Mediaworld Bologna",
    "Business address": "Parco Acquisti Meraville, Viale Tito Carnacini, 25, 40127 Bologna BO",
    "catalog endpoint": "https://www.mediaworld.it/search/mazzi",
    "e-mail": "",
    "phone number": "051 637 9111",
    "nationwide": ""
  },
  {
    "category": "Film e TV",
    "Business name": "Unieuro",
    "Business address": "via C. Colombo, 7/30, 40131 Bologna Bologna",
    "catalog endpoint": "https://www.unieuro.it/online/negozi/Unieuro-Bologna---Lame/?q=mazzi",
    "e-mail": "",
    "phone number": "051-6342320",
    "nationwide": ""
  },
  {
    "category": "Giardino e giardinaggio",
    "Business name": "Fiorista Donatella snc",
    "Business address": "Via della Barca ,1/3c,40133 Bologna",
    "catalog endpoint": "www.fioriabologna.it/prodotto/mazzi",
    "e-mail": "fiorista.donatella@email.it",
    "phone number": "3398763858",
    "nationwide": ""
  },
  {
    "category": "Giardino e giardinaggio",
    "Business name": "Fiori E Piante Vally Fleurs Di Barioni Silvia",
    "Business address": "Via A. Costa , 35/D",
    "catalog endpoint": "https://www.fioriepiantevallyfleurs.it/ordina-fiori/mazzi",
    "e-mail": "barionisilvia@virgilio.it",
    "phone number": "051 435581",
    "nationwide": ""
  },
  {
    "category": "Giochi e giocattoli",
    "Business name": "Città del sole srl",
    "Business address": "Via S.Felice, 81/A-B",
    "catalog endpoint": "https://www.cittadelsole.it/customer/ricerca.php?substring=mazzi&catebig%5B%5D=Citta+del+Sole&catebig%5B%5D=categorie&catebig%5B%5D=Natura+e&typesearch=extendedsearch&vers=Citta+del+Sole&showhow=simple&sl=IT&in_offerta=1",
    "e-mail": "bo.stradamaggiore@cittadelsole.com",
    "phone number": "051-266432",
    "nationwide": ""
  },
  {
    "category": "Giochi e giocattoli",
    "Business name": "Giocheria Bologna Centro",
    "Business address": "Via Castiglione 11/A,40124 Bologna",
    "catalog endpoint": "https://www.giocheria.it/product/uncategorized/mazzi",
    "e-mail": "business@giocattoli-online.net",
    "phone number": "051-0956305",
    "nationwide": ""
  },
  {
    "category": "Gioielli",
    "Business name": "NGB Jewels",
    "Business address": "Via dell'Indipendenza, 25/b, 40121 Bologna BO",
    "catalog endpoint": "https://ngbjewels.com/pages/instagram-shop",
    "e-mail": "info@ngbjewels.com",
    "phone number": "051 234241",
    "nationwide": ""
  },
  {
    "category": "Gioielli",
    "Business name": "Bijou Brigitte",
    "Business address": "Via dell'Indipendenza, 23",
    "catalog endpoint": "https://www.bijou-brigitte.com/it/search?sSearch=mazzi",
    "e-mail": "online-shop@bijou-brigitte.com",
    "phone number": "051 226194",
    "nationwide": ""
  },
  {
    "category": "Grandi elettrodomestici",
    "Business name": "ZACCARINI & VANGELISTI",
    "Business address": "Via Selva Pescarola, 6/8 – 40131 Bologna",
    "catalog endpoint": "https://www.zaccarinievangelisti.com/vendita-elettrodomestici",
    "e-mail": "zaccarini.snc@tin.it",
    "phone number": "39 051-6343214",
    "nationwide": ""
  },
  {
    "category": "Grandi elettrodomestici",
    "Business name": "Comet",
    "Business address": "Via IV Novembre 6/A - Bologna",
    "catalog endpoint": "https://www.comet.it/search?iq=mazzi",
    "e-mail": "",
    "phone number": "051 275 5611",
    "nationwide": ""
  },
  {
    "category": "Handmade",
    "Business name": "Double Trouble Bologna",
    "Business address": "Via Santo Stefano, 80, 40125 Bologna BO",
    "catalog endpoint": "https://www.doubletroublebologna.it/search?q=mazzi",
    "e-mail": "info@doubletroublebologna.it",
    "phone number": "(+39) 347 934 6590",
    "nationwide": ""
  },
  {
    "category": "Handmade",
    "Business name": "GRUCCIALTERNA di Buonacara F.&C. S.n.c",
    "Business address": "Strada Maggiore 58/a Bologna",
    "catalog endpoint": "http://www.gruccialterna.com/",
    "e-mail": "info@gruccialterna.com",
    "phone number": "051 849 9057",
    "nationwide": ""
  },
  {
    "category": "Illuminazione",
    "Business name": "Progetto Luce s.r.l.",
    "Business address": "Via Emilia, 131 – fraz. Toscanella",
    "catalog endpoint": "https://progettolucesrl.it/?s=mazzi&post_type=product&lang=it",
    "e-mail": "info@progettolucesrl.it",
    "phone number": "39 0542-673600",
    "nationwide": ""
  },
  {
    "category": "Illuminazione",
    "Business name": "Romib Luce di Mellara Roberto",
    "Business address": "Via Bruno Tosarelli, 320, Villanova di Castenaso Bologna",
    "catalog endpoint": "https://www.romibluce.it/?s=mazzi",
    "e-mail": "info@romibluce.it",
    "phone number": "051 780508",
    "nationwide": ""
  },
  {
    "category": "Informatica",
    "Business name": "Trony srl",
    "Business address": "Via dell'Industria 14, 40138 Bologna",
    "catalog endpoint": "https://www.trony.it/online/web/WFS/Trony-B2C-Site/it_IT/-/EUR/ViewParametricSearch-SimpleOfferSearch?SynchronizerToken=4fac3ecc4c995cf602dc19a8a9dcc2741b131d2716b29e0d686372994fdd25d2_P482PGk2J6NTwfjrWH2NIw%3D%3D&q=mazzi&btnG=&client=trony&output=xml_no_dtd&proxystylesheet=tronyNoHeaderFooter2&filter=0&getfields=*&sort=date%3AD%3AL%3Ad1&entsp=a__trony&oe=UTF-8&ie=UTF-8&ud=1&exclude_apps=1&site=trony",
    "e-mail": "bologna@trony.com",
    "phone number": "051-6014258",
    "nationwide": ""
  },
  {
    "category": "Informatica",
    "Business name": "Tommesani",
    "Business address": "Via Camillo Casarini 18/E, Bologna",
    "catalog endpoint": "https://www.tommesani.it/cerca?controller=search&s=mazzi",
    "e-mail": "info@tommesani.it",
    "phone number": "051-550761",
    "nationwide": ""
  },
  {
    "category": "Libri",
    "Business name": "Libraccio",
    "Business address": "Via Oberdan 7",
    "catalog endpoint": "https://www.libraccio.it/src/?xy=mazzi",
    "e-mail": "",
    "phone number": "051 656 9109",
    "nationwide": ""
  },
  {
    "category": "Libri",
    "Business name": "Libreria Coop",
    "Business address": "Via degli Orefici, 19, 40124 Bologna BO",
    "catalog endpoint": "https://www.librerie.coop/search/?q=mazzi&cerca_in=",
    "e-mail": "libreria.ambasciatori@librerie.coop.it",
    "phone number": "051-220131",
    "nationwide": ""
  },
  {
    "category": "Moda",
    "Business name": "Siapoesia",
    "Business address": "Via Porta Nova, 12/c, 40123 Bologna BO",
    "catalog endpoint": "http://www.siapoesia.com/it/cerca?controller=search&orderby=position&orderway=desc&search_query=mazzi&submit_search=Cerca",
    "e-mail": "info@siapoesia.com",
    "phone number": "051 047 7120",
    "nationwide": ""
  },
  {
    "category": "Moda",
    "Business name": "Biagetti Srl",
    "Business address": "Via Emilia Levante, 94",
    "catalog endpoint": "https://www.biagettibologna.it/catalogsearch/result/?q=mazzi",
    "e-mail": "support@biagettibologna.it",
    "phone number": "(+39) 392.9589903",
    "nationwide": ""
  },
  {
    "category": "Orologi",
    "Business name": "Natale Fontana Gioielli",
    "Business address": "Via Rizzoli, 1-2AB, 40125 Bologna BO, Italy",
    "catalog endpoint": "https://shop.natalefontana.it/ricerca-prodotti?ricerca=mazzi",
    "e-mail": "",
    "phone number": "",
    "nationwide": ""
  },
  {
    "category": "Orologi",
    "Business name": "Orologi usati Bologna",
    "Business address": "Via Emilia Levante, 53A, 40139 Bologna BO, Italy",
    "catalog endpoint": "https://orologi360.it/?s=mazzi&post_type=product",
    "e-mail": "",
    "phone number": "",
    "nationwide": ""
  },
  {
    "category": "Prima infanzia",
    "Business name": "Okaidi ID Kids Italy",
    "Business address": "Via Guglielmo Marconi, 51D, 40122 Bologna BO, Italy",
    "catalog endpoint": "https://www.okaidi.it/search",
    "e-mail": "",
    "phone number": "",
    "nationwide": ""
  },
  {
    "category": "Prima infanzia",
    "Business name": "Bassetto Bimbi",
    "Business address": "Via Saragozza, 217/3, 40135 Bologna BO, Italy",
    "catalog endpoint": "https://www.bassettobimbi.com/catalogsearch/result/?q=mazzi",
    "e-mail": "",
    "phone number": "",
    "nationwide": ""
  },
  {
    "category": "Prodotti per animali domestici",
    "Business name": "I PET YOU | SHOP & SPA",
    "Business address": "Via Castiglione, 2C, 40124 Bologna BO, Italy",
    "catalog endpoint": "https://i-pet-you.com/it/cerca?controller=search&orderby=position&orderway=desc&search_query=mazzi&submit_search=",
    "e-mail": "",
    "phone number": "",
    "nationwide": ""
  },
  {
    "category": "Prodotti per animali domestici",
    "Business name": "L'Ora degli Animali",
    "Business address": "Viale Carlo Berti Pichat, 1/H/I, 40127 Bologna BO, Italy",
    "catalog endpoint": "https://www.loradeglianimali.it/ricerca?controller=search&orderby=position&orderway=desc&search_query=mazzi&submit_search=",
    "e-mail": "",
    "phone number": "",
    "nationwide": ""
  },
  {
    "category": "Salute e cura della persona",
    "Business name": "Herbalist Herbarium Mascarella",
    "Business address": "Via Mascarella, 55, 40126 Bologna BO, Italy",
    "catalog endpoint": "https://www.sanipernatura.com/?s=mazzi",
    "e-mail": "",
    "phone number": "",
    "nationwide": ""
  },
  {
    "category": "Salute e cura della persona",
    "Business name": "Centro benessere estetico Natura & Mente",
    "Business address": "Via Eugenio Curiel, 10/A, 40134 Bologna BO, Italy",
    "catalog endpoint": "https://www.naturaemente.it/?s=mazzi&post_type=product",
    "e-mail": "",
    "phone number": "",
    "nationwide": ""
  },
  {
    "category": "Scarpe e borse",
    "Business name": "Tassinari Calzature",
    "Business address": "Via S. Felice, 55, 40122 Bologna BO, Italy",
    "catalog endpoint": "https://www.tassinarishoes.com/catalogsearch/result/?q=mazzi",
    "e-mail": "",
    "phone number": "",
    "nationwide": ""
  },
  {
    "category": "Scarpe e borse",
    "Business name": "La Borsa Firmata",
    "Business address": "Via Edoardo Collamarini, 3, 40138 Bologna BO, Italy",
    "catalog endpoint": "https://www.laborsafirmatabologna.it/search?q=mazzi",
    "e-mail": "",
    "phone number": "",
    "nationwide": ""
  },
  {
    "category": "Sport e tempo libero",
    "Business name": "Play Sport Emporio",
    "Business address": "Piazza Manfredi Azzarita, 1, 40122 Bologna BO, Italy",
    "catalog endpoint": "https://playsportemporio.it/catalogsearch/result/?q=mazzi",
    "e-mail": "",
    "phone number": "",
    "nationwide": ""
  },
  {
    "category": "Strumenti musicali e DJ",
    "Business name": "CITTA' DELLA MUSICA",
    "Business address": "Via Paolo Canali, 8, 40127 Bologna BO, Italy",
    "catalog endpoint": "https://www.cittadellamusica.org/search.php?search=mazzi",
    "e-mail": "",
    "phone number": "",
    "nationwide": ""
  },
  {
    "category": "Strumenti musicali e DJ",
    "Business name": "Altrostile dj per eventi",
    "Business address": "Via della Campagna, 40127 Bologna BO, Italy",
    "catalog endpoint": "http://www.altrostile.com/search",
    "e-mail": "",
    "phone number": "",
    "nationwide": ""
  },
  {
    "category": "Valigeria",
    "Business name": "Piquadro",
    "Business address": "Terminal, Via del Triumvirato, 84, 40132 Bologna BO, Italy",
    "catalog endpoint": "https://www.piquadro.com/it/#/dffullscreen/query=mazzi&session_id=565bc01f38af8d6cd229ac35288127a2&query_name=phonetic_text",
    "e-mail": "",
    "phone number": "",
    "nationwide": ""
  },
  {
    "category": "Videogiochi",
    "Business name": "Bipgames",
    "Business address": "Via Giuseppe di Vittorio, 16, 40068 San Lazzaro di Savena BO, Italy",
    "catalog endpoint": "https://www.bipgames.it/shop/index.php?controller=search&s=mazzi",
    "e-mail": "",
    "phone number": "",
    "nationwide": ""
  },
  {
    "category": "Videogiochi",
    "Business name": "Time Out Videogames",
    "Business address": "Via di Corticella, 119/a, 40128 Bologna BO, Italy",
    "catalog endpoint": "https://www.timeoutgames.it/ricerca?controller=search&orderby=position&orderway=desc&search_query=mazzi&submit_search=",
    "e-mail": "",
    "phone number": "",
    "nationwide": ""
  }
]
